<?xml version="1.0" encoding="UTF-8"?>
<con:soapui-project id="f64ed61c-812c-454c-8c81-2e7061f2e4d8" activeEnvironment="Default" name="composer API" resourceRoot="" soapui-version="5.7.0" xmlns:con="http://eviware.com/soapui/config"><con:settings/><con:interface xsi:type="con:RestService" id="3f34b85e-65bb-4a5c-a8f3-e78905d8c45d" wadlVersion="http://wadl.dev.java.net/2009/02" name="http://localhost:3000" type="rest" xmlns:xsi="http://www.w3.org/2001/XMLSchema-instance"><con:settings/><con:definitionCache/><con:endpoints><con:endpoint>http://localhost:3000</con:endpoint></con:endpoints><con:resource name="{id}" path="/api/composers/{id}" id="51da47f2-dff7-4e61-b6b5-2970828105c7"><con:settings/><con:parameters><con:parameter><con:name>id</con:name><con:value>id</con:value><con:style>TEMPLATE</con:style><con:default>id</con:default></con:parameter></con:parameters><con:method name="updateComposerById" id="77500554-d5ad-4cf1-adb9-26ee54bd2be2" method="PUT"><con:settings/><con:parameters/><con:representation type="RESPONSE"><con:mediaType>application/json; charset=utf-8</con:mediaType><con:status>200</con:status><con:params/><con:element xmlns:b8f="http://localhost/api/composers/63713b8f7307e3080ca44cb8">b8f:Response</con:element></con:representation><con:representation type="REQUEST"><con:mediaType>application/json</con:mediaType><con:params/></con:representation><con:request name="Request 1" id="ef9c8772-7c78-457c-be91-5fe9116343c9" mediaType="application/json" postQueryString="false"><con:settings><con:setting id="com.eviware.soapui.impl.wsdl.WsdlRequest@request-headers">&lt;xml-fragment/></con:setting></con:settings><con:endpoint>http://localhost:3000</con:endpoint><con:request>{
  "firstName": "Momma",
  "lastName": "Brocker"
}</con:request><con:originalUri>http://localhost/api/composers/63713b8f7307e3080ca44cb8</con:originalUri><con:credentials><con:authType>No Authorization</con:authType></con:credentials><con:jmsConfig JMSDeliveryMode="PERSISTENT"/><con:jmsPropertyConfig/><con:parameters><entry key="id" value="63713b8f7307e3080ca44cb8" xmlns="http://eviware.com/soapui/config"/></con:parameters></con:request></con:method></con:resource></con:interface><con:properties/><con:wssContainer/><con:oAuth2ProfileContainer/><con:oAuth1ProfileContainer/><con:sensitiveInformation/></con:soapui-project>