<?xml version="1.0" encoding="UTF-8"?>
<con:soapui-project id="035e557d-95a3-47d1-ab47-b3e6329f5347" activeEnvironment="Default" name="Sign-up API" resourceRoot="" soapui-version="5.7.0" xmlns:con="http://eviware.com/soapui/config"><con:settings/><con:interface xsi:type="con:RestService" id="60eab113-3f32-4a37-8ddf-f6c62b7f1de2" wadlVersion="http://wadl.dev.java.net/2009/02" name="http://localhost:3000" type="rest" xmlns:xsi="http://www.w3.org/2001/XMLSchema-instance"><con:settings/><con:definitionCache/><con:endpoints><con:endpoint>http://localhost:3000</con:endpoint></con:endpoints><con:resource name="signup" path="/api/signup" id="5bd3916b-4d8d-4235-bbae-f906984ee888"><con:settings/><con:parameters/><con:method name="Method 1" id="96dc00ca-a79a-4ad9-bc8e-be8ef9a03706" method="POST"><con:settings/><con:parameters/><con:representation type="REQUEST"><con:mediaType>application/json</con:mediaType><con:params/></con:representation><con:representation type="RESPONSE"><con:mediaType>application/json; charset=utf-8</con:mediaType><con:status>200</con:status><con:params/><con:element xmlns:sig="http://localhost/api/signup">sig:Response</con:element></con:representation><con:request name="Request 1" id="3ab58bd6-9fa0-40f4-a621-9006bc8b5cc0" mediaType="application/json" postQueryString="false"><con:settings><con:setting id="com.eviware.soapui.impl.wsdl.WsdlRequest@request-headers">&lt;xml-fragment/></con:setting></con:settings><con:endpoint>http://localhost:3000</con:endpoint><con:request>{
  "userName": "neeblit23",
  "Password": "airjordan",
  "emailAddress": "beeblit15@gmail.com"
}</con:request><con:originalUri>http://localhost/api/signup</con:originalUri><con:credentials><con:authType>No Authorization</con:authType></con:credentials><con:jmsConfig JMSDeliveryMode="PERSISTENT"/><con:jmsPropertyConfig/><con:parameters/></con:request></con:method></con:resource><con:resource name="login" path="/api/login" id="616ea809-ac46-497e-b70f-236ebf69dac3"><con:settings/><con:parameters/><con:method name="Method 1" id="4c2f5487-3673-4333-b89e-445dbc0b191b" method="POST"><con:settings/><con:parameters/><con:representation type="REQUEST"><con:mediaType>application/json</con:mediaType><con:params/></con:representation><con:representation type="RESPONSE"><con:mediaType>application/json; charset=utf-8</con:mediaType><con:status>200</con:status><con:params/><con:element xmlns:log="http://localhost/api/login">log:Response</con:element></con:representation><con:request name="Request 1" id="c86a0e0f-03d8-4287-a6ef-9bffc2f13f65" mediaType="application/json" postQueryString="false"><con:settings><con:setting id="com.eviware.soapui.impl.wsdl.WsdlRequest@request-headers">&lt;xml-fragment/></con:setting></con:settings><con:endpoint>http://localhost:3000</con:endpoint><con:request>{
  "userName": "coneal1",
  "Password": "1234"
}</con:request><con:originalUri>http://localhost/api/login</con:originalUri><con:credentials><con:authType>No Authorization</con:authType></con:credentials><con:jmsConfig JMSDeliveryMode="PERSISTENT"/><con:jmsPropertyConfig/><con:parameters/></con:request></con:method></con:resource></con:interface><con:properties/><con:wssContainer/><con:oAuth2ProfileContainer/><con:oAuth1ProfileContainer/><con:sensitiveInformation/></con:soapui-project>