<?xml version="1.0" encoding="UTF-8"?>
<con:soapui-project id="7d9b9da4-2f84-450c-a7ed-79855c7fb28b" activeEnvironment="Default" name="Customer API" resourceRoot="" soapui-version="5.7.0" xmlns:con="http://eviware.com/soapui/config"><con:settings/><con:interface xsi:type="con:RestService" id="9ff98531-d41c-4cc2-929d-f6b3e4fcc0be" wadlVersion="http://wadl.dev.java.net/2009/02" name="http://localhost:3000" type="rest" xmlns:xsi="http://www.w3.org/2001/XMLSchema-instance"><con:settings/><con:definitionCache/><con:endpoints><con:endpoint>http://localhost:3000</con:endpoint></con:endpoints><con:resource name="invoice" path="/api/customers" id="4a46996c-0503-4e1b-beeb-78bb6b1358c7"><con:settings/><con:parameters><con:parameter><con:name>userName</con:name><con:value>userName</con:value><con:style>TEMPLATE</con:style><con:default>userName</con:default></con:parameter></con:parameters><con:method name="createCustomer" id="d12fa996-6bc4-4a54-998a-9d7627f00b68" method="POST"><con:settings/><con:parameters/><con:representation type="REQUEST"><con:mediaType>application/json</con:mediaType><con:params/></con:representation><con:representation type="FAULT"><con:mediaType>text/html; charset=utf-8</con:mediaType><con:status>404</con:status><con:params/><con:element>html</con:element></con:representation><con:representation type="RESPONSE"><con:mediaType>application/json; charset=utf-8</con:mediaType><con:status>200</con:status><con:params/><con:element xmlns:inv="http://localhost/api/customers/userName/invoice">inv:Response</con:element></con:representation><con:request name="Request 1" id="8d14d3e5-8af2-46b0-85de-85fe0dad4931" mediaType="application/json" postQueryString="false"><con:settings><con:setting id="com.eviware.soapui.impl.wsdl.WsdlRequest@request-headers">&lt;xml-fragment/></con:setting></con:settings><con:endpoint>http://localhost:3000</con:endpoint><con:request>{
  "firstName": "Brad",
  "lastName": "Hutchison",
  "userName": "Hutch007"
}</con:request><con:originalUri>http://localhost/api/customers/userName/invoice</con:originalUri><con:credentials><con:authType>No Authorization</con:authType></con:credentials><con:jmsConfig JMSDeliveryMode="PERSISTENT"/><con:jmsPropertyConfig/><con:parameters/></con:request></con:method></con:resource><con:resource name="" path="/api/customers/{userName}/invoices" id="b3f34f20-848e-4177-a5ba-4607691847ce"><con:settings/><con:parameters><con:parameter><con:name>userName</con:name><con:value>Hutch007</con:value><con:style>TEMPLATE</con:style><con:default>Hutch007</con:default></con:parameter></con:parameters><con:method name="createInvoiceByUserName" id="9b8f49a1-4e23-4517-b9d0-00b695516782" method="POST"><con:settings/><con:parameters/><con:representation type="REQUEST"><con:mediaType>application/json</con:mediaType><con:params/></con:representation><con:representation type="RESPONSE"><con:mediaType>application/json; charset=utf-8</con:mediaType><con:status>200</con:status><con:params/><con:element xmlns:inv="http://localhost/api/customers/Hutch007/invoices">inv:Response</con:element></con:representation><con:request name="Request 2" id="21ba22e5-b7f2-4435-bee2-103440d2d32b" mediaType="application/json" postQueryString="false"><con:settings><con:setting id="com.eviware.soapui.impl.wsdl.WsdlRequest@request-headers">&lt;xml-fragment/></con:setting></con:settings><con:endpoint>http://localhost:3000</con:endpoint><con:request>{
  "subtotal": 15,
  "tax": 20,
  "dateCreated": "December 1, 2022",
  "dateShipped": "December 2, 2022",
  "lineItems": [
    {
      "name": "bananas",
      "price": 5,
      "quantity": 3
    }
  ]
}
</con:request><con:originalUri>http://localhost/api/customers/Hutch007/invoices</con:originalUri><con:credentials><con:authType>No Authorization</con:authType></con:credentials><con:jmsConfig JMSDeliveryMode="PERSISTENT"/><con:jmsPropertyConfig/><con:parameters><entry key="userName" value="Hutch007" xmlns="http://eviware.com/soapui/config"/></con:parameters><con:parameterOrder><con:entry>userName</con:entry></con:parameterOrder></con:request></con:method></con:resource></con:interface><con:properties/><con:wssContainer/><con:oAuth2ProfileContainer/><con:oAuth1ProfileContainer/><con:sensitiveInformation/></con:soapui-project>